 67:F1:65:6C:80:4A,Apple Inc.,None
 EB:C5:D9:D1:58:73,Apple Inc.,None
 51:2D:7D:D6:2F:1E,Apple Inc.,None
 FB:1A:72:5C:F6:B2,Apple Inc.,None
 0E:3B:25:F7:9D:64,Apple Inc.,None
 46:61:18:CE:CC:D0,Apple Inc.,None
 4B:41:6C:21:CC:B7,Apple Inc.,None
 26:B6:6A:92:62:8A,Apple Inc.,None
 78:59:CB:0D:E4:64,Apple Inc.,None
 3A:6C:9F:E6:F0:51,Apple Inc.,None
 CD:10:44:F4:E6:32,Apple Inc.,None
 6B:44:4C:25:21:98,Apple Inc.,None
 18:D8:E4:C5:7D:02,Apple Inc.,None
 43:B7:E3:30:CD:83,Apple Inc.,None
 D2:85:0E:4C:B1:C5,Apple Inc.,None
 5F:19:48:12:3C:3B,Apple Inc.,None
 72:1A:02:4E:FC:34,Apple Inc.,None
 6F:07:5A:40:3B:0E,Apple Inc.,None
 41:33:8D:A3:AF:19,Apple Inc.,None
 59:71:EC:EC:50:5E,Apple Inc.,None
 72:2D:75:C9:91:DC,Apple Inc.,None
 C9:1E:38:7E:CA:8D,Apple Inc.,None
 13:F7:21:BC:A9:E4,Apple Inc.,None
 48:B6:AB:A4:50:99,Apple Inc.,None
 74:03:29:B3:A1:CA,Apple Inc.,None
 CF:79:4E:01:40:DF,Apple Inc.,None
 46:C7:5A:FD:28:24,Apple Inc.,None
 F2:11:0B:9D:0B:3A,Apple Inc.,None
 6A:86:33:46:37:4C,Apple Inc.,None
 F2:CB:6E:51:14:16,Apple Inc.,None
 DA:97:A4:F8:BA:C6,Apple Inc.,None
 44:C6:5D:6D:E5:70,Apple Inc.,None
 7E:77:3A:6E:67:66,Apple Inc.,None
 68:1B:47:F4:7A:8D,Apple Inc.,None
 EA:7D:87:43:33:8D,Apple Inc.,None
 5A:4A:7F:74:72:23,Apple Inc.,None
 59:5C:70:F2:64:FF,Apple Inc.,None
 40:6E:14:48:3B:6F,Apple Inc.,None
 46:FB:AE:B3:7F:B6,Apple Inc.,None
 44:7A:E2:1F:C5:11,Apple Inc.,None
 72:34:65:15:70:84,Apple Inc.,None
 10:6D:26:7D:7D:A0,Apple Inc.,None
 C7:C3:C0:A1:1D:F1,Apple Inc.,None
 5B:6D:98:AF:34:89,Apple Inc.,None
 60:73:26:33:E0:DD,Apple Inc.,None
 4E:21:32:D4:B2:AA,Apple Inc.,None
 5F:94:0A:55:FE:51,Apple Inc.,None
 6E:63:46:E7:AC:B1,Apple Inc.,None
 44:78:5F:EF:9E:C6,Apple Inc.,None
 60:81:95:29:8B:7E,Apple Inc.,None
 DF:EF:7D:97:46:73,Apple Inc.,None
 33:D7:70:D6:AB:EA,Apple Inc.,None
 77:29:A4:37:B8:76,Apple Inc.,None
 57:3D:0A:5B:D9:3A,Apple Inc.,None
 E6:61:05:1B:03:F9,Apple Inc.,None
 41:E0:3D:15:70:03,Apple Inc.,None
 7B:10:9D:D4:30:31,Apple Inc.,None
 55:3E:52:89:3B:B3,Apple Inc.,None
 D4:E5:FF:5E:E7:E0,Apple Inc.,None
 DD:6A:88:DF:80:4A,Apple Inc.,None
 CD:4A:7F:41:B0:72,Apple Inc.,None
 47:F9:C1:EC:55:74,Apple Inc.,None
 3F:71:47:5C:B3:B8,Apple Inc.,None
 60:6C:CB:7B:9F:0F,Apple Inc.,None
 71:A6:D1:FF:2A:33,Apple Inc.,None
 42:AB:AE:FA:CE:42,Apple Inc.,None
 40:88:C0:7E:2D:BD,Apple Inc.,None
 51:23:E9:CD:24:2D,Apple Inc.,None
 52:8D:CA:70:9A:36,Apple Inc.,None
 45:17:56:A3:B6:D0,Apple Inc.,None
 E6:FA:58:7B:59:F8,Apple Inc.,None
 7D:B6:63:06:B4:3A,Apple Inc.,None
 51:11:AD:19:FA:DC,Apple Inc.,None
 44:C6:5D:74:EC:FA,Apple Inc.,None
 7C:F8:97:18:E2:D0,Apple Inc.,None
 4B:4C:76:B7:5A:EE,Apple Inc.,None
 6A:00:E3:11:94:2F,Apple Inc.,None
 7B:F4:77:1D:C5:27,Apple Inc.,None
 30:C0:19:FA:86:9B,Apple Inc.,None
 E1:CC:36:C6:76:12,Apple Inc.,None
 6A:F7:77:26:23:C6,Apple Inc.,None
 F7:A4:B8:6D:6B:00,Apple Inc.,None
 79:DE:46:88:59:74,Apple Inc.,None
 D0:D3:DD:C1:1D:BF,Apple Inc.,None
 ED:FF:DC:94:61:BE,Apple Inc.,None
 F8:61:F8:08:F1:73,Apple Inc.,None
 7D:00:5D:B1:90:FE,Apple Inc.,None
 60:E8:A7:3C:A7:4B,Apple Inc.,None
 00:02:5B:00:28:66,Apple Inc.,None
 5B:01:32:3F:39:70,Apple Inc.,None
 D8:99:61:F2:89:45,Apple Inc.,None
 45:5A:89:0E:DA:31,Apple Inc.,None
 E8:A4:82:1F:13:54,Apple Inc.,None
 3E:C1:CE:E2:08:E7,Apple Inc.,None
 DE:93:CA:4F:DB:A1,Apple Inc.,None
 7C:BA:06:EF:72:0D,Apple Inc.,None
 56:5F:71:E8:86:80,Apple Inc.,None
 2F:90:0F:E1:2A:15,Apple Inc.,None
 CD:F5:D5:9F:70:23,Apple Inc.,None
 C4:A9:90:79:9E:3E,Apple Inc.,None
 F9:83:3C:33:72:1C,Apple Inc.,None
 43:A5:92:B6:20:73,Apple Inc.,None
 40:26:09:9D:6D:00,Apple Inc.,None
 F0:C3:95:D7:78:46,Apple Inc.,None
 5B:F8:F1:14:6B:1A,Apple Inc.,None
 EB:4C:F8:1B:34:F3,Apple Inc.,None
 4E:FA:13:DB:8E:73,Apple Inc.,None
 76:4F:C1:1B:B0:C2,Apple Inc.,None
 1E:62:A2:53:5A:AA,Apple Inc.,None
 D2:08:13:B5:15:4B,Apple Inc.,None
 55:BF:6A:E0:1F:7B,Apple Inc.,None
 1F:41:6B:38:DB:48,Apple Inc.,None
 D5:A8:7F:11:44:5C,Apple Inc.,None
 C6:34:A0:1B:57:72,Apple Inc.,None
 E7:49:E8:E2:C8:60,Apple Inc.,None
 7A:7E:9F:39:4E:A4,Apple Inc.,None
 67:1D:44:15:BE:0B,Apple Inc.,None
 50:C6:77:BC:6E:C9,Apple Inc.,None
 39:ED:F5:7B:70:00,Apple Inc.,None
 6B:0A:16:7A:F1:6E,Apple Inc.,None
 71:86:0B:37:6A:21,Apple Inc.,None
 5B:3E:43:53:BA:D6,Apple Inc.,None
 65:93:EC:5D:C8:DB,Apple Inc.,None
 4C:67:60:03:12:53,Apple Inc.,None
 FF:65:43:B5:A0:B5,Apple Inc.,None
 F7:27:BD:3B:0A:79,Apple Inc.,None
 5C:67:29:37:3D:AB,Apple Inc.,None
 C2:A8:F8:72:8D:72,Apple Inc.,None
 50:80:C9:5D:67:FB,Apple Inc.,None
 79:2A:16:47:52:24,Apple Inc.,None
 44:C6:5D:7F:D2:CA,Apple Inc.,None
 C8:F0:46:C0:75:E5,Apple Inc.,None
 2E:CC:6D:81:14:8A,Apple Inc.,None
 53:76:3E:A5:05:5B,Apple Inc.,None
 2B:46:3D:55:C9:AB,Apple Inc.,None
 41:DA:53:71:A3:41,Apple Inc.,None
 4D:AE:36:48:F9:0F,Apple Inc.,None
 7A:0E:DB:E2:E9:B6,Apple Inc.,None
 F7:0B:DA:E5:3F:D1,Apple Inc.,None
 6B:F7:61:71:60:49,Apple Inc.,None
 E0:D9:91:F5:29:B6,Apple Inc.,None
 6E:44:BD:D4:F9:58,Apple Inc.,None
 4B:DA:E8:3B:C9:4E,Apple Inc.,None
 D6:16:D6:11:D3:1E,Apple Inc.,None
 6E:37:34:35:B2:BB,Apple Inc.,None
 60:7A:AF:08:10:FB,Apple Inc.,None
 57:9F:CF:33:02:A0,Apple Inc.,None
 52:9B:21:36:80:E8,Apple Inc.,None
 5D:11:41:68:34:29,Apple Inc.,None
 D8:11:9B:43:5B:DA,Apple Inc.,None
 D6:24:B8:C4:CB:EA,Apple Inc.,None
 63:4C:B3:10:F8:78,Apple Inc.,None
 71:05:62:F4:8A:4C,Apple Inc.,None
 7C:A9:39:F0:2D:55,Apple Inc.,None
 DE:24:81:DF:1D:39,Apple Inc.,None
 D1:77:3A:81:6F:E3,Apple Inc.,None
 C4:69:2F:1A:33:40,Apple Inc.,None
 6A:F3:95:17:88:67,Apple Inc.,None
 5F:C6:86:AB:1E:52,Apple Inc.,None
 6C:44:A9:CF:93:24,Apple Inc.,None
 7A:45:83:1C:C7:3E,Apple Inc.,None
 5F:45:B8:42:02:5F,Apple Inc.,None
 F5:37:E3:B5:67:80,Apple Inc.,None
 78:A3:32:8C:F3:25,Apple Inc.,None
 6C:2A:32:35:9B:1B,Apple Inc.,None
 07:98:F5:8C:0F:5F,Apple Inc.,None
 05:75:2A:1F:62:49,Apple Inc.,None
 0F:59:74:10:BF:E5,Apple Inc.,None
 6F:C2:23:98:C4:8F,Apple Inc.,None
 CA:5E:EA:27:D4:60,Apple Inc.,None
 5B:F9:0D:0A:DC:AC,Apple Inc.,None
 53:C2:32:A5:B9:5F,Apple Inc.,None
 50:2E:AC:2F:B7:85,Apple Inc.,None
 76:ED:BD:82:D8:78,Apple Inc.,None
 71:14:5A:3C:B4:6D,Apple Inc.,None
 62:2C:01:8D:C8:19,Apple Inc.,None
 E2:72:62:B0:BE:74,Apple Inc.,None
 7D:AA:E1:79:91:BE,Apple Inc.,None
 4A:60:2B:97:8D:BE,Apple Inc.,None
 7F:B9:2A:B2:31:91,Apple Inc.,None
 44:C6:5D:67:9F:50,Apple Inc.,None
 61:D7:62:44:59:3D,Apple Inc.,None
 74:C1:E5:97:12:C9,Apple Inc.,None
 48:B4:56:12:D5:AE,Apple Inc.,None
 39:5E:00:10:FC:79,Apple Inc.,None
 DF:4F:4E:A0:9E:98,Apple Inc.,None
 04:BB:A1:6C:4A:D7,Apple Inc.,None
 63:4A:A2:95:B8:41,Apple Inc.,None
 75:4D:CF:35:24:51,Apple Inc.,None
 1F:75:96:F5:EE:A8,Apple Inc.,None
 66:4C:11:B3:20:07,Apple Inc.,None
 5A:E5:53:B8:3C:DE,Apple Inc.,None
 08:E1:C4:E6:6E:33,Apple Inc.,None
 DB:28:04:C1:15:96,Apple Inc.,None
 40:63:E0:0E:53:06,Apple Inc.,None
 59:73:B4:AC:E8:4B,Apple Inc.,None
 D8:AC:59:5E:2F:36,Apple Inc.,None
 79:34:06:67:FC:40,Apple Inc.,None
 02:21:52:C4:DC:6C,Apple Inc.,None
 DB:16:0C:39:A8:DA,Apple Inc.,None
 F0:B8:FD:03:8B:0A,Apple Inc.,None
 54:40:F5:D1:B7:2A,Apple Inc.,None
 5E:E6:AC:A0:66:3E,Apple Inc.,None
 49:80:E2:E1:88:7B,Apple Inc.,None
 70:D0:D5:B0:78:C8,Apple Inc.,None
 E8:13:A2:29:3A:9C,Apple Inc.,None
 58:24:2F:FC:03:39,Apple Inc.,None
 52:F6:6C:9E:4A:96,Apple Inc.,None
 E6:31:CF:B5:A1:FB,Apple Inc.,None
 FF:E8:33:B9:35:83,Apple Inc.,None
 77:C0:E9:D4:B7:E1,Apple Inc.,None
 53:60:1E:FC:C7:5D,Apple Inc.,None
 44:C6:5D:70:21:75,Apple Inc.,None
 F1:82:D6:C8:FE:5F,Apple Inc.,None
 4A:23:1A:96:A7:64,Apple Inc.,None
 58:D1:88:9C:FC:41,Apple Inc.,None
 5D:48:BE:50:4D:09,Apple Inc.,None
 4A:04:D4:07:47:F3,Apple Inc.,None
 43:B2:65:05:64:2B,Apple Inc.,None
 F5:A8:6D:25:69:2B,Apple Inc.,None
 51:AE:B9:40:4C:29,Apple Inc.,None
 4C:7C:2E:91:4A:7C,Apple Inc.,None
 F7:7B:7B:C5:6B:AB,Apple Inc.,None
 E9:FC:63:BD:8E:CF,Apple Inc.,None
 DA:07:6B:54:94:A9,Apple Inc.,None
 CF:02:D6:C9:A1:60,Apple Inc.,None
 F2:44:B3:B1:64:2A,Apple Inc.,None
 4C:4A:A6:DC:F9:54,Apple Inc.,None
 62:11:61:8D:9E:92,Apple Inc.,None
 50:CA:F8:29:6A:5D,Apple Inc.,None
 6C:45:C8:C4:25:85,Apple Inc.,None
 4B:B9:6B:C7:F4:CF,Apple Inc.,None
 7E:CC:BC:B5:FD:D2,Apple Inc.,None
 79:D9:59:41:A6:EB,Apple Inc.,None
 73:08:51:28:9E:D5,Apple Inc.,None
 67:12:FA:37:43:CD,Apple Inc.,None
 49:E4:01:99:96:7B,Apple Inc.,None
 71:CE:A6:28:31:59,Apple Inc.,None
 01:42:FE:F7:89:76,Apple Inc.,None
 70:E2:FA:BA:E1:09,Apple Inc.,None
 F5:04:16:EF:25:43,Apple Inc.,None
 CB:27:A1:BA:2C:16,Apple Inc.,None
 E8:09:C3:6D:6C:F8,Apple Inc.,None
 61:20:83:84:AF:77,Apple Inc.,None
 FB:6A:82:D8:23:D2,Apple Inc.,None
 1C:01:7E:96:15:88,Apple Inc.,None
 DD:84:E3:5F:CE:C7,Apple Inc.,None
 C4:D5:CA:56:EE:9B,Apple Inc.,None
 48:8D:06:AA:12:CD,Apple Inc.,None
 74:72:E0:E2:1F:9D,Apple Inc.,None
 C8:DC:F5:FA:5F:E9,Apple Inc.,None
 58:0E:F5:F3:3A:D4,Apple Inc.,None
 56:EA:8F:8D:C6:86,Apple Inc.,None
 79:65:09:8A:0C:28,Apple Inc.,None
 40:1B:32:36:6B:02,Apple Inc.,None
 62:EE:03:80:82:C5,Apple Inc.,None
 FC:17:98:A2:7D:C1,Apple Inc.,None
 1B:13:B1:72:60:43,Apple Inc.,None
 DC:28:05:CE:2D:19,Apple Inc.,None
 08:6B:D7:F3:DC:1E,Apple Inc.,None
 3A:9E:0D:0C:85:24,Apple Inc.,None
 68:C3:7D:C9:78:57,Apple Inc.,None
 D0:46:DB:39:02:1D,Apple Inc.,None
 6A:BF:2A:C2:C6:51,Apple Inc.,None
 10:F5:F1:EC:9C:70,Apple Inc.,None
 55:15:B6:01:38:2D,Apple Inc.,None
 04:76:E6:FC:9E:B5,Apple Inc.,None
 04:76:E6:FC:9E:B5,Apple Inc.,Google LLC
 5C:34:2A:31:DE:02,Apple Inc.,None
 CD:1B:17:A4:F4:1A,Apple Inc.,None
 E5:B3:07:7E:15:52,Apple Inc.,None
 D3:C7:7A:E6:40:12,Apple Inc.,None
 34:A5:DA:44:62:1B,Apple Inc.,None
 CB:97:50:E8:BF:2A,Apple Inc.,None
 49:C4:69:A4:91:3A,Apple Inc.,None
 EA:A8:D9:27:60:CB,Apple Inc.,None
 1B:8C:8A:B4:F0:1B,Apple Inc.,None
 7C:C9:27:1B:3A:24,Apple Inc.,None
 CE:8E:2A:27:4A:7B,Apple Inc.,None
 4C:E0:14:3B:45:65,Apple Inc.,None
 6F:80:44:66:1D:81,Apple Inc.,None
 78:3B:12:BC:2A:DE,Apple Inc.,None
 77:D9:E2:02:9C:1A,Apple Inc.,None
 74:7A:A2:DC:89:7A,Apple Inc.,None
 14:C3:68:0B:CC:4D,Apple Inc.,None
 14:C3:68:0B:CC:4D,Apple Inc.,Google LLC
 E2:29:7A:BF:34:3B,Apple Inc.,None
 72:36:50:FC:D0:10,Apple Inc.,None
 48:66:17:A2:5E:00,Apple Inc.,None
 F6:14:6C:1A:29:8C,Apple Inc.,None
 5B:90:0D:85:2A:45,Apple Inc.,None
 F8:28:3C:91:E3:26,Apple Inc.,None
 5B:64:53:56:4F:F8,Apple Inc.,None
 71:51:85:9B:36:62,Apple Inc.,None
 18:D9:9D:57:A4:2C,Apple Inc.,None
 7D:CA:A5:91:FF:3D,Apple Inc.,None
 C7:C4:AE:B4:68:C2,Apple Inc.,None
 EB:22:2C:5F:26:F5,Apple Inc.,None
 50:84:C7:F9:0B:CA,Apple Inc.,None
 60:B9:A4:3D:29:E1,Apple Inc.,None
 71:84:FE:03:BD:2E,Apple Inc.,None
 C5:97:82:34:7B:B1,Apple Inc.,None
 6D:8E:8C:7D:DB:19,Apple Inc.,None
 1B:96:5F:7A:3E:F3,Apple Inc.,None
 55:42:F4:F3:22:86,Apple Inc.,None
 CE:E5:AB:81:C5:3E,Apple Inc.,None
 44:67:BA:A4:21:F3,Apple Inc.,None
 60:D7:8A:D0:25:3A,Apple Inc.,None
 CC:58:2B:7C:29:F2,Apple Inc.,None
 EB:8A:26:8C:14:C6,Apple Inc.,None
 40:D5:EF:C9:3D:24,Apple Inc.,None
 75:A9:85:E4:E4:CC,Apple Inc.,None
 78:95:42:BB:46:DA,Apple Inc.,None
 74:24:D2:28:98:FF,Apple Inc.,None
 44:C6:5D:81:72:7E,Apple Inc.,None
 6F:74:41:90:46:7D,Apple Inc.,None
 47:7B:0F:4A:58:AF,Apple Inc.,None
 0E:B4:D9:A8:86:1D,Apple Inc.,None
 70:C3:EE:9A:48:73,Apple Inc.,None
 3F:C5:89:31:E1:87,Apple Inc.,None
 41:56:F9:03:36:3B,Apple Inc.,None
 7B:6E:7E:35:8B:2D,Apple Inc.,None
 D2:82:45:4A:F1:ED,Apple Inc.,None
 5D:81:3F:C3:A8:B3,Apple Inc.,None
 76:E9:F2:21:CF:7B,Apple Inc.,None
 4B:84:56:10:BD:BE,Apple Inc.,None
 6E:69:B6:E4:07:39,Apple Inc.,None
 45:C3:14:E6:9C:C4,Apple Inc.,None
 5B:29:2B:9F:8D:F2,Apple Inc.,None
 78:33:C9:68:88:A7,Apple Inc.,None
 4C:66:26:C5:40:67,Apple Inc.,None
 7C:09:E5:94:A8:27,Apple Inc.,None
 74:79:96:1A:4D:DF,Apple Inc.,None
 79:72:5E:AD:5C:1C,Apple Inc.,None
 F4:09:F7:9D:7F:BF,Apple Inc.,None
 03:43:22:D1:B1:38,Apple Inc.,None
 D7:24:63:B7:96:A3,Apple Inc.,None
 D6:52:A8:07:99:B4,Apple Inc.,None
 F3:CB:46:2C:13:7D,Apple Inc.,None
 71:E2:58:02:FA:E5,Apple Inc.,None
 E8:E3:AF:F8:96:C6,Apple Inc.,None
 7E:57:E3:6E:8A:FF,Apple Inc.,None
 D5:87:D8:DD:32:B4,Apple Inc.,None
 4D:36:A4:84:E2:8D,Apple Inc.,None
 4B:20:29:57:73:F2,Apple Inc.,None
 4F:E4:CD:CE:59:74,Apple Inc.,None
 58:60:23:0E:1C:39,Apple Inc.,Volkswagen AG
 79:DA:CE:CA:03:D9,Apple Inc.,None
 E5:01:D4:2C:D0:7B,Apple Inc.,None
 63:11:86:D6:6E:C8,Apple Inc.,None
 56:76:F8:36:FD:A6,Apple Inc.,None
 5B:DA:D7:5E:3B:60,Apple Inc.,None
 04:3F:30:7B:11:EE,Apple Inc.,None
 4A:54:D9:56:C9:47,Apple Inc.,None
 50:72:BE:7E:22:06,Apple Inc.,None
 62:C7:86:15:C6:F4,Apple Inc.,None
 E0:89:7E:6E:36:63,Apple Inc.,None
 78:A1:7E:63:41:55,Apple Inc.,None
 CF:DA:CB:C7:AA:DC,Apple Inc.,None
 08:B3:22:85:B1:CE,Apple Inc.,None
 FE:7D:8C:92:DF:E2,Apple Inc.,None
 52:C2:1E:D3:BD:7D,Apple Inc.,None
 4C:FB:14:AA:F0:98,Apple Inc.,None
 55:C6:B3:15:83:E4,Apple Inc.,None
 45:A7:DE:13:61:B8,Apple Inc.,None
 4A:60:39:30:8D:98,Apple Inc.,None
 0E:A7:08:C0:6E:44,Apple Inc.,None
 FC:6E:52:15:65:24,Apple Inc.,None
 6D:06:D0:E9:AB:34,Apple Inc.,None
 61:8B:23:90:EF:2D,Apple Inc.,None
 E1:59:8D:90:60:AE,Apple Inc.,None
 51:5F:F9:97:C6:C9,Apple Inc.,None
 44:55:76:A4:6D:AE,Apple Inc.,None
 EA:CA:F6:8A:60:AF,Apple Inc.,None
 0C:1F:EF:7B:22:1E,Apple Inc.,None
 C7:BF:0F:CB:D7:A7,Apple Inc.,None
 D2:38:58:09:9C:B0,Apple Inc.,None
 CD:A5:8C:24:26:79,Apple Inc.,None
 30:26:07:E7:1C:E2,Apple Inc.,None
 30:26:07:E7:1C:E2,Apple Inc.,Google LLC
 30:26:07:E7:1C:E2,Apple Inc.,Tx Power
 44:C6:5D:6D:DB:B4,Apple Inc.,None
 79:25:BB:78:65:ED,Apple Inc.,None
 4F:32:E4:81:F9:C7,Apple Inc.,None
 54:47:06:16:6D:4A,Apple Inc.,Volkswagen AG
 49:78:A4:B2:82:C7,Apple Inc.,None
 FA:0D:F0:D3:BD:99,Apple Inc.,None
 48:3A:59:55:2B:B0,Apple Inc.,None
 6A:69:16:25:8C:6F,Apple Inc.,None
 C7:DF:E0:67:DB:AB,Apple Inc.,None
 01:92:57:59:8A:4C,Apple Inc.,None
 15:A8:B8:11:FB:0B,Apple Inc.,None
 00:0E:C5:64:31:31,Apple Inc.,None
 00:0E:C5:64:31:31,Apple Inc.,Google LLC
 FA:5E:BA:54:56:AC,Apple Inc.,None
 44:C6:5D:6A:61:20,Apple Inc.,None
 13:E9:AA:BF:6C:66,Apple Inc.,None
 45:E7:C2:9B:C4:54,Apple Inc.,None
 03:2B:DD:E7:88:C9,Apple Inc.,None
 EE:93:6C:11:B1:04,Apple Inc.,None
 7C:BE:17:73:90:59,Apple Inc.,None
 6E:BA:35:53:A6:E5,Apple Inc.,None
 75:64:FC:C4:78:6A,Apple Inc.,None
 E0:51:D9:9F:25:D7,Apple Inc.,None
 54:F0:E5:7B:9C:A4,Apple Inc.,None
 CF:0F:EC:7B:2D:BD,Apple Inc.,None
 40:8E:31:C6:BE:8D,Apple Inc.,None
 6B:F4:EF:3C:00:11,Apple Inc.,None
 5E:DA:AC:89:65:B9,Apple Inc.,None
 D6:A8:08:88:14:5C,Apple Inc.,None
 DC:B0:25:72:F0:76,Apple Inc.,None
 7F:EC:54:10:56:A1,Apple Inc.,None
 C9:32:BA:1F:B8:64,Apple Inc.,None
 7F:A2:E0:EB:2C:E7,Apple Inc.,None
 C5:23:64:09:5B:08,Apple Inc.,None
 FB:4D:7A:C9:03:5F,Apple Inc.,None
 75:8D:18:AB:98:45,Apple Inc.,None
 72:78:F7:8D:ED:06,Apple Inc.,None
 EB:D2:28:C1:99:7A,Apple Inc.,None
 4C:3F:34:F8:B9:84,Apple Inc.,None
 E7:75:BA:0E:9D:98,Apple Inc.,None
 E6:87:4D:52:37:67,Apple Inc.,None
 45:27:16:B0:73:5B,Apple Inc.,None
 16:00:5E:34:43:A3,Apple Inc.,None
 3B:41:71:90:1B:A3,Apple Inc.,None
 7B:9D:3D:9B:73:CE,Apple Inc.,None
 77:B5:11:51:BC:25,Apple Inc.,None
 67:DF:A9:C4:3D:CC,Apple Inc.,None
 57:66:C0:16:3D:FF,Apple Inc.,None
 3A:BC:01:24:2A:DC,Apple Inc.,None
 65:B0:EB:E7:49:65,Apple Inc.,None
 58:DE:FF:5D:A4:E3,Apple Inc.,None
 D0:91:61:24:28:08,Apple Inc.,None
 02:05:CC:D2:66:A3,Apple Inc.,None
 E0:89:7E:73:00:7A,Apple Inc.,None
 2A:64:B7:C8:E4:FC,Apple Inc.,None
 49:92:40:D2:B9:E3,Apple Inc.,None
 C6:67:25:0D:F2:8E,Apple Inc.,None
 84:EE:03:40:CA:92,Apple Inc.,None
 43:10:7E:3A:1F:10,Apple Inc.,None
 4F:69:20:91:D3:2B,Apple Inc.,None
 09:EA:E9:75:BE:C7,Apple Inc.,None
 78:97:CB:69:05:CF,Apple Inc.,None
 E8:A1:25:F4:D3:D2,Apple Inc.,None
 10:B8:2C:35:C1:16,Apple Inc.,None
 C0:62:85:4F:E5:73,Apple Inc.,None
 66:EB:67:9F:D4:50,Apple Inc.,None
 44:C6:5D:71:B0:9B,Apple Inc.,None
 C5:13:11:38:66:AD,Apple Inc.,None
 44:C6:5D:83:30:9A,Apple Inc.,None
 5C:FC:5F:61:97:F4,Apple Inc.,None
 D5:CA:FD:DE:A3:CC,Apple Inc.,None
 7B:AC:43:95:6D:03,Apple Inc.,None
 77:9D:3A:AD:EC:7B,Apple Inc.,None
 FF:99:08:1C:63:CF,Apple Inc.,None
 5B:67:87:49:63:4F,Apple Inc.,None
 53:DC:A7:B7:A3:43,Apple Inc.,None
 C4:B2:71:8B:ED:C5,Apple Inc.,None
 1F:3B:FB:95:80:21,Apple Inc.,None
 D7:AD:62:E3:A9:B2,Apple Inc.,None
 E1:91:19:72:8D:4D,Apple Inc.,None
 FE:EA:30:50:B4:BA,Apple Inc.,None
 EF:ED:00:97:51:77,Apple Inc.,None
 75:8D:1B:81:1F:4F,Apple Inc.,None
 5E:AA:CF:63:09:3E,Apple Inc.,None
 63:2F:DA:AB:34:BF,Apple Inc.,Volkswagen AG
 44:A2:67:E5:A2:CA,Apple Inc.,None
 68:E9:2C:BF:3E:1B,Apple Inc.,None
 3C:5F:BD:3F:8D:C5,Apple Inc.,None
 40:47:52:4C:0C:9B,Apple Inc.,None
 D6:75:AC:5A:8C:B6,Apple Inc.,None
 37:45:00:88:E8:CB,Apple Inc.,None
 49:C9:1C:68:79:0A,Apple Inc.,None
 69:EE:AE:BC:78:98,Apple Inc.,None
 25:53:EE:6F:C4:EA,Apple Inc.,None
 61:81:B9:A7:6D:8D,Apple Inc.,None
 C2:C4:D6:0A:19:53,Apple Inc.,None
 76:54:5E:F3:26:AD,Apple Inc.,None
 12:03:A0:7C:57:7F,Apple Inc.,None
 11:D0:DF:A9:EE:91,Apple Inc.,None
 77:EE:EF:87:75:D3,Apple Inc.,None
 5F:16:04:D2:0D:0F,Apple Inc.,None
 77:BB:9F:A9:A3:60,Apple Inc.,None
 D4:1B:53:3A:98:A6,Apple Inc.,None
 4D:42:B3:61:F3:FD,Apple Inc.,None
 44:6F:E1:70:35:1C,Apple Inc.,None
 D4:3A:44:26:A4:CA,Apple Inc.,None
 4D:51:E6:D8:C6:A7,Apple Inc.,None
 6B:A8:3C:2C:F2:19,Apple Inc.,None
 30:36:91:15:9A:09,Apple Inc.,None
 CC:78:41:C7:A3:4F,Apple Inc.,None
 61:29:5B:0F:53:97,Apple Inc.,None
 5A:A7:05:7E:3E:5C,Apple Inc.,None
 C3:2F:57:13:9C:2E,Apple Inc.,None
 47:8C:2B:3C:A9:63,Apple Inc.,None
 10:C0:48:B0:05:82,Apple Inc.,None
 61:39:62:55:0D:C8,Apple Inc.,None
 70:BF:00:0E:AC:E9,Apple Inc.,None
 04:EE:03:8E:C1:5E,Apple Inc.,None
 52:6E:38:E5:DE:D8,Apple Inc.,None
 62:83:3A:E5:31:2B,Apple Inc.,None
 68:9D:5A:CB:B2:73,Apple Inc.,None
 54:91:AB:2C:9B:B4,Apple Inc.,None
 06:D4:74:A4:B2:A5,Apple Inc.,None
 D5:7D:A4:A8:CF:8A,Apple Inc.,None
 4C:CC:4C:B6:76:4F,Apple Inc.,None
 C6:CC:2E:66:E1:D8,Apple Inc.,None
 44:C6:5D:71:BF:70,Apple Inc.,None
 56:54:C6:D0:D6:F6,Apple Inc.,None
 6B:11:BD:6D:8F:B1,Apple Inc.,None
 77:77:B2:A9:DE:9F,Apple Inc.,None
 20:B1:39:E9:B1:46,Apple Inc.,None
 57:FF:A0:A4:EB:C4,Apple Inc.,None
 DC:1B:DA:C1:6D:01,Apple Inc.,None
 4C:21:70:88:62:03,Apple Inc.,None
 D0:E1:D2:D1:D1:CD,Apple Inc.,None
 09:65:F5:81:27:22,Apple Inc.,None
 44:C6:5D:68:ED:AD,Apple Inc.,None
 61:68:1E:FF:8F:5C,Apple Inc.,None
 42:B6:ED:B8:48:9B,Apple Inc.,None
 69:E0:44:56:77:22,Apple Inc.,None
 44:C6:5D:6E:FA:32,Apple Inc.,None
 00:02:5B:00:29:18,Apple Inc.,None
 E0:89:7E:87:8D:2B,Apple Inc.,None
 5A:59:1A:56:08:81,Apple Inc.,None
 49:36:A9:BF:8F:72,Apple Inc.,None
 43:D5:0F:76:6F:FA,Apple Inc.,None
 69:9C:D1:C7:2C:3C,Apple Inc.,None
 C8:D7:75:D5:FE:27,Apple Inc.,None
 5B:C7:1A:7D:50:E9,Apple Inc.,None
 6B:25:1C:6A:A3:04,Apple Inc.,None
 2A:C6:02:F9:EE:77,Apple Inc.,None
 DD:A2:95:D9:62:7F,Apple Inc.,None
 FE:A6:75:3B:0C:AF,Apple Inc.,None
 54:90:5D:9B:14:8D,Apple Inc.,None
 52:45:D4:7A:50:8B,Apple Inc.,None
 66:D1:F5:79:65:96,Apple Inc.,None
 74:1F:EC:21:4A:8D,Apple Inc.,None
 CF:34:FC:EB:2E:64,Apple Inc.,None
 57:A5:26:0A:16:B8,Apple Inc.,None
 15:4D:B0:DE:3E:DB,Apple Inc.,None
 4B:EC:E1:B2:C1:BE,Apple Inc.,None
 6E:0E:E4:8A:04:67,Apple Inc.,None
 45:DF:F8:75:B8:8B,Apple Inc.,None
 D3:EE:0E:E6:F6:32,Apple Inc.,None
 4A:1F:AF:DF:51:70,Apple Inc.,None
 4D:8B:70:96:01:BF,Apple Inc.,None
 6A:3C:A3:98:F4:D9,Apple Inc.,None
 DA:2A:B3:26:16:0B,Apple Inc.,None
 D0:60:88:76:13:D7,Apple Inc.,None
 40:1E:78:A8:15:83,Apple Inc.,None
 DD:F4:49:E9:16:91,Apple Inc.,None
 75:17:0D:F6:C8:9E,Apple Inc.,None
 E8:3A:D3:FE:6C:58,Apple Inc.,None
 DA:FB:68:1F:E7:7D,Apple Inc.,None
 4A:6D:B6:44:64:DB,Apple Inc.,None
 77:13:AE:22:C3:A0,Apple Inc.,None
 40:C3:7C:51:4C:4D,Apple Inc.,None
 41:63:B8:F4:A1:BC,Apple Inc.,None
 44:30:54:3C:8E:74,Apple Inc.,None
 E4:EC:AD:77:7E:0B,Apple Inc.,None
 47:06:9D:85:B0:88,Apple Inc.,None
 FE:D3:27:AC:0A:77,Apple Inc.,None
 54:0A:25:16:1A:75,Apple Inc.,None
 00:77:CC:CA:4A:B9,Apple Inc.,None
 75:91:07:75:49:30,Apple Inc.,None
 6F:D0:52:86:C5:13,Apple Inc.,None
 ED:4B:8B:FD:6A:CB,Apple Inc.,None
 72:C4:03:88:16:71,Apple Inc.,None
 6E:76:24:7D:11:B6,Apple Inc.,None
 74:46:D4:09:87:E7,Apple Inc.,None
 C4:1B:55:73:12:77,Apple Inc.,None
 51:39:DB:67:B9:F3,Apple Inc.,None
 77:85:60:B0:BF:8C,Apple Inc.,None
 2C:86:52:22:97:AF,Apple Inc.,None
 3A:DA:31:09:74:85,Apple Inc.,None
 ED:20:93:91:59:F0,Apple Inc.,None
 67:1A:D2:44:43:FB,Apple Inc.,None
 33:16:6E:61:B7:DE,Apple Inc.,None
 6C:EA:8F:87:31:44,Apple Inc.,None
 04:3D:99:15:53:F0,Apple Inc.,None
 5F:95:DB:12:DC:F0,Apple Inc.,None
 54:80:3A:C1:28:5B,Apple Inc.,None
 D4:54:28:9E:DD:B6,Apple Inc.,None
 61:25:25:77:8D:F5,Apple Inc.,None
 54:A2:1D:DE:71:4E,Apple Inc.,None
 42:C3:B2:88:9B:6E,Apple Inc.,None
 62:1D:4A:82:49:F9,Apple Inc.,None
 68:4D:02:B4:33:78,Apple Inc.,None
 05:1C:31:7D:A0:55,Apple Inc.,None
 FC:EA:79:68:23:2D,Apple Inc.,None
 56:35:E3:A5:35:23,Apple Inc.,None
 48:F9:FF:6D:69:AE,Apple Inc.,None
 C9:D6:C3:CF:9A:A4,Apple Inc.,None
 59:74:E3:F8:DF:72,Apple Inc.,None
 3C:3E:91:46:E8:35,Apple Inc.,None
 74:82:4C:F1:10:7E,Apple Inc.,None
 4F:5A:A8:90:0B:DE,Apple Inc.,None
 0B:F4:5C:6E:B9:2E,Apple Inc.,None
 5C:74:86:5D:10:EA,Apple Inc.,None
 7D:59:A0:15:FD:D8,Apple Inc.,None
 F3:B7:07:F9:EA:30,Apple Inc.,None
 46:BE:80:60:94:38,Apple Inc.,None
 7E:CB:3F:71:C2:B8,Apple Inc.,None
 7E:08:A5:D0:51:2E,Apple Inc.,None
 6F:D2:4A:77:85:92,Apple Inc.,None
 6A:FC:C0:94:0F:20,Apple Inc.,None
 D2:D1:FF:C5:2F:46,Apple Inc.,None
 59:79:8A:F2:23:74,Apple Inc.,None
 D9:46:6B:28:46:0C,Apple Inc.,None
 E9:C5:89:FC:B9:18,Apple Inc.,None
 14:F1:61:72:70:3E,Apple Inc.,None
 14:F1:61:72:70:3E,Apple Inc.,Google LLC
 3D:C9:5C:DF:EA:0D,Apple Inc.,None
 6D:66:DC:42:6B:47,Apple Inc.,None
 C1:C3:02:BC:07:1D,Apple Inc.,None
 DB:04:91:DD:3B:E3,Apple Inc.,None
 7D:84:9D:CB:9D:F3,Apple Inc.,None
 D5:F3:42:D2:06:98,Apple Inc.,None
 42:4C:05:1D:9A:44,Apple Inc.,None
 61:CC:0F:06:47:AD,Apple Inc.,None
 26:F6:42:0E:5F:20,Apple Inc.,None
 CE:E4:78:DC:55:74,Apple Inc.,None
 54:C7:63:40:8F:33,Apple Inc.,None
 E3:AF:15:F0:E4:75,Apple Inc.,None
 63:3E:AC:84:B8:CC,Apple Inc.,None
 4C:41:44:1A:ED:E3,Apple Inc.,None
 71:9E:2E:3D:ED:01,Apple Inc.,None
 77:27:45:E5:93:0E,Apple Inc.,None
 57:C8:1B:D9:31:96,Apple Inc.,None
 40:CF:A9:C6:19:8B,Apple Inc.,None
 62:9B:F9:D2:93:E0,Apple Inc.,None
 6E:B9:12:A3:14:28,Apple Inc.,None
 C4:AD:D6:B3:02:44,Apple Inc.,None
 19:86:D9:D0:FA:62,Apple Inc.,None
 62:E7:26:06:59:C6,Apple Inc.,None
 57:32:FE:C5:91:A8,Apple Inc.,None
 D1:D0:4A:FA:15:33,Apple Inc.,None
 4B:C8:0B:6C:BC:07,Apple Inc.,None
 7F:EE:90:FA:00:C6,Apple Inc.,None
 5C:FD:F8:E8:DC:2B,Apple Inc.,None
 62:95:01:41:1F:CB,Apple Inc.,None
 6C:54:FE:7C:74:C9,Apple Inc.,None
 6C:CC:59:4A:95:A6,Apple Inc.,None
 69:82:86:81:DF:4A,Apple Inc.,None
 63:40:83:EE:D5:00,Apple Inc.,None
 78:A2:09:95:A2:C5,Apple Inc.,None
 46:99:40:08:89:5A,Apple Inc.,None
 F3:D6:0C:E5:47:AA,Apple Inc.,None
 21:A8:B1:1C:A3:47,Apple Inc.,None
 3C:FD:76:77:C1:69,Apple Inc.,None
 3C:FD:76:77:C1:69,Apple Inc.,Google LLC
 4B:8E:D9:D3:AF:76,Apple Inc.,None
 58:30:BF:32:07:D9,Apple Inc.,None
 75:36:21:40:89:1C,Apple Inc.,None
 75:96:59:7A:2C:02,Apple Inc.,None
 51:1D:D2:7B:E1:81,Apple Inc.,None
 7E:9F:5B:D0:B1:FB,Apple Inc.,None
 7E:AA:0E:55:C1:00,Apple Inc.,None
 67:41:31:24:E1:FE,Apple Inc.,None
 4E:0A:DA:B3:98:7D,Apple Inc.,None
 CD:1C:63:01:DF:4B,Apple Inc.,None
 4D:0E:82:EB:79:65,Apple Inc.,None
 18:57:23:A9:53:08,Apple Inc.,None
 79:D4:19:93:49:AA,Apple Inc.,None
 F7:ED:CA:E5:E1:78,Apple Inc.,None
 FF:0E:29:B1:46:00,Apple Inc.,None
 61:3E:AE:D4:70:82,Apple Inc.,None
 E9:29:F3:9D:AF:50,Apple Inc.,None
 DB:FF:A3:6C:1C:47,Apple Inc.,None
 73:4A:F7:39:5B:5F,Apple Inc.,None
 6C:A1:5D:89:91:F4,Apple Inc.,None
 6D:24:B6:14:57:7E,Apple Inc.,None
 C6:52:E1:64:50:39,Apple Inc.,None
 25:84:51:BF:B2:01,Apple Inc.,None
 55:F2:E8:F9:C7:0F,Apple Inc.,None
 33:64:0A:6C:47:57,Apple Inc.,None
 74:B1:F9:9E:DF:CB,Apple Inc.,None
 7A:53:B0:76:43:35,Apple Inc.,None
 D0:B2:32:D5:D0:61,Apple Inc.,None
 30:97:AA:DA:4B:FD,Apple Inc.,None
 6A:1D:1E:60:AB:53,Apple Inc.,None
 6C:D5:D4:81:4E:7F,Apple Inc.,None
 F0:E1:40:2B:86:99,Apple Inc.,None
 58:86:BC:DD:C9:BF,Apple Inc.,None
 58:C4:CC:C5:81:F5,Apple Inc.,None
 CD:9C:B6:E3:75:38,Apple Inc.,None
 49:24:92:2E:2B:BD,Apple Inc.,None
 7B:BE:E9:4F:4E:06,Apple Inc.,None
 E3:B4:21:5A:7A:AF,Apple Inc.,None
 CA:71:66:0B:C6:12,Apple Inc.,None
 FA:5D:A6:8F:13:D3,Apple Inc.,None
 09:08:B7:3E:89:FA,Apple Inc.,None
 57:B6:FF:DA:27:7E,Apple Inc.,None
 D7:9F:E8:20:57:83,Apple Inc.,None
 51:00:78:AA:21:AB,Apple Inc.,None
 7B:B4:43:49:55:15,Apple Inc.,None
 46:34:66:DC:75:F1,Apple Inc.,None
 09:91:7D:09:EA:86,Apple Inc.,None
 7A:60:18:02:94:2A,Apple Inc.,None
 19:C7:26:C6:49:E2,Apple Inc.,None
 72:D1:B2:81:12:83,Apple Inc.,None
 46:8C:F3:DE:29:D3,Apple Inc.,None
 4D:68:E8:CF:DB:22,Apple Inc.,None
 41:DF:F5:EC:06:BE,Apple Inc.,None
 D9:75:2E:FE:24:A0,Apple Inc.,None
 7D:26:D8:6A:A1:3A,Apple Inc.,None
 49:28:74:16:2A:D2,Apple Inc.,None
 FA:21:F6:FA:C8:8D,Apple Inc.,None
 77:92:5B:C4:3F:A6,Apple Inc.,None
 77:52:90:51:E9:BE,Apple Inc.,None
 19:E8:E2:46:06:AD,Apple Inc.,None
 D5:05:5A:A3:1A:61,Apple Inc.,None
 56:B2:E1:EC:E8:DF,Apple Inc.,None
 4D:BA:D1:04:37:E1,Apple Inc.,None
 C8:FE:06:3F:C0:66,Apple Inc.,None
 67:4A:90:8E:D0:A7,Apple Inc.,None
 53:68:71:A4:73:0F,Apple Inc.,None
 CD:F4:95:1F:B6:A8,Apple Inc.,None
 E3:A0:3A:12:78:DA,Apple Inc.,None
 38:26:4B:4E:20:C4,Apple Inc.,None
 5D:81:53:5B:31:3E,Apple Inc.,None
 49:AA:0B:56:8A:D0,Apple Inc.,None
 E8:B6:82:15:87:8E,Apple Inc.,None
 F5:D4:AE:51:AC:5B,Apple Inc.,None
 5A:85:59:11:1A:22,Apple Inc.,None
 5C:3C:8F:2F:EF:07,Apple Inc.,None
 F7:8B:30:F9:0E:BB,Apple Inc.,None
 60:A8:C9:CD:3C:DF,Apple Inc.,None
 E5:42:7F:A4:8F:7F,Apple Inc.,None
 6D:EF:A0:30:06:41,Apple Inc.,None
 FA:16:DD:6B:6B:5C,Apple Inc.,None
 D0:D7:E7:9A:EF:2D,Apple Inc.,None
 6B:32:66:47:38:1F,Apple Inc.,None
 F7:DD:78:6B:D6:A9,Apple Inc.,None
 30:81:09:D1:4E:2D,Apple Inc.,None
 48:40:23:96:A8:7A,Apple Inc.,None
 4F:59:75:C4:72:A6,Apple Inc.,None
 58:47:46:AE:39:9C,Apple Inc.,None
 48:53:CA:9D:12:D1,Apple Inc.,None
 66:A1:BD:0E:C2:54,Apple Inc.,None
 74:8F:72:F3:2A:DB,Apple Inc.,None
 46:14:1A:BB:D1:FB,Apple Inc.,None
 77:85:23:EA:82:E8,Apple Inc.,None
 44:9A:C4:ED:8B:89,Apple Inc.,None
 5D:0A:F1:51:2C:3F,Apple Inc.,None
 77:7F:23:70:DB:89,Apple Inc.,None
 28:47:68:48:74:F4,Apple Inc.,None
 DF:AF:1D:40:22:ED,Apple Inc.,None
 F3:D2:9E:08:B2:D8,Apple Inc.,None
 59:4F:49:B2:98:95,Apple Inc.,None
 48:C6:B3:F5:99:B7,Apple Inc.,None
 6E:C0:4C:19:C4:61,Apple Inc.,None
 48:AF:3A:7A:98:D6,Apple Inc.,None
 EE:23:B7:46:DD:92,Apple Inc.,None
 E2:5F:F2:AA:07:7E,Apple Inc.,None
 5C:35:47:94:23:F8,Apple Inc.,None
 DA:4A:81:75:41:E5,Apple Inc.,None
 2B:EC:E0:8A:2A:F2,Apple Inc.,None
 45:51:AA:C5:8D:38,Apple Inc.,None
 6B:8C:67:97:31:1F,Apple Inc.,None
 7B:F5:71:E2:C9:05,Apple Inc.,None
 68:22:9A:3A:21:93,Apple Inc.,None
 4A:A7:86:BF:68:01,Apple Inc.,None
 EB:2C:7E:EE:12:DD,Apple Inc.,None
 4C:C8:5F:C3:C7:27,Apple Inc.,None
 37:23:A5:2C:60:ED,Apple Inc.,None
 19:51:47:8D:4A:66,Apple Inc.,None
 D4:C6:FE:59:CD:29,Apple Inc.,None
 F1:AA:40:77:4C:B0,Apple Inc.,None
 65:44:4A:5D:24:69,Apple Inc.,None
 75:C7:AD:A0:5E:4D,Apple Inc.,None
 38:E9:3A:BF:4C:16,Apple Inc.,None
 70:4D:20:02:D1:DB,Apple Inc.,None
 2B:F5:A0:33:06:BB,Apple Inc.,None
 10:B5:66:33:96:69,Apple Inc.,None
 51:AE:6F:A0:58:3F,Apple Inc.,None
 49:D0:E8:37:31:A5,Apple Inc.,None
 DA:25:F7:99:B7:FE,Apple Inc.,None
 45:47:AF:5D:E5:8D,Apple Inc.,None
 46:90:64:83:7B:DA,Apple Inc.,None
 4D:72:B9:35:A3:5F,Apple Inc.,None
 41:B5:05:9D:0C:D8,Apple Inc.,None
 63:63:2E:D5:E5:E8,Apple Inc.,None
 D3:00:F8:EC:14:9C,Apple Inc.,None
 68:9D:CE:A4:D4:DC,Apple Inc.,None
 D0:CD:BA:76:4C:BE,Apple Inc.,None
 67:87:3A:03:F4:2F,Apple Inc.,None
 E7:50:DE:79:D0:AA,Apple Inc.,None
 78:9D:6B:76:B5:B9,Apple Inc.,None
 C8:C5:63:CA:84:88,Apple Inc.,None
 50:53:FF:49:BD:8D,Apple Inc.,None
 53:FB:8D:8E:B9:B9,Apple Inc.,None
 5A:87:FE:D1:4C:D2,Apple Inc.,None
 4B:57:70:B7:BF:6D,Apple Inc.,None
 45:91:49:C9:67:56,Apple Inc.,None
 5F:76:2B:1C:9F:DB,Apple Inc.,None
 6B:1E:C1:FE:1E:1F,Apple Inc.,None
 6A:9B:5A:97:9D:60,Apple Inc.,None
 7E:49:5A:40:CD:3C,Apple Inc.,None
 F7:FB:AB:D9:8E:B9,Apple Inc.,None
 65:0D:07:42:BF:16,Apple Inc.,None
 3E:73:1B:7B:B3:96,Apple Inc.,None
 47:AA:9A:E1:3A:09,Apple Inc.,None
 FC:D2:1F:14:15:7F,Apple Inc.,None
 F5:F7:E1:1E:56:82,Apple Inc.,None
 6C:8A:7E:4C:B5:69,Apple Inc.,None
 62:7C:01:92:E0:A6,Apple Inc.,None
 34:37:B0:DA:0D:A3,Apple Inc.,None
 34:37:B0:DA:0D:A3,Apple Inc.,Google LLC
 54:72:FB:26:FD:33,Apple Inc.,None
 4A:B4:37:08:7B:28,Apple Inc.,None
 7B:76:CD:26:24:2A,Apple Inc.,None
 37:97:88:9E:C9:C8,Apple Inc.,None
 FE:B7:6E:1C:64:BD,Apple Inc.,None
 46:8E:0D:73:6F:31,Apple Inc.,None
 C4:FF:57:08:6F:1A,Apple Inc.,None
 04:5A:BA:EF:34:ED,Apple Inc.,None
 E3:CF:E3:88:F6:7A,Apple Inc.,None
 61:54:EB:06:E0:C9,Apple Inc.,None
 DB:B2:32:8C:CD:B1,Apple Inc.,None
 46:78:C2:34:31:55,Apple Inc.,None
 79:A1:9A:EC:FB:F2,Apple Inc.,None
 56:0A:69:02:01:77,Apple Inc.,None
 DA:D7:F0:B6:1A:E4,Apple Inc.,None
 3D:6D:C9:DE:3E:0B,Apple Inc.,None
 76:A2:68:C7:A3:0F,Apple Inc.,None
 CF:84:1F:0B:E2:DD,Apple Inc.,None
 F1:84:B2:57:BE:F6,Apple Inc.,None
 57:0E:E3:7E:DD:DD,Apple Inc.,None
 16:77:44:88:CD:EB,Apple Inc.,None
 32:D2:7C:B3:34:FE,Apple Inc.,None
 46:C4:B2:D3:AC:66,Apple Inc.,None
 C1:CC:8A:5C:E6:DC,Apple Inc.,None
 D0:05:9B:20:2B:40,Apple Inc.,None
 F0:95:5C:26:51:35,Apple Inc.,None
 44:57:32:6E:60:29,Apple Inc.,None
 D0:6E:CB:06:A2:43,Apple Inc.,None
 C7:1F:12:FC:52:CD,Apple Inc.,None
 D6:05:2C:8A:32:BE,Apple Inc.,None
 70:72:D3:FC:DC:16,Apple Inc.,None
 F1:16:EC:63:46:FE,Apple Inc.,None
 75:51:90:B0:FA:28,Apple Inc.,None
 44:B4:BD:20:0C:B9,Apple Inc.,None
 7D:AC:F1:77:31:2D,Apple Inc.,None
 38:0D:7B:64:94:72,Apple Inc.,None
 29:F0:2B:2F:75:D6,Apple Inc.,None
 D1:2B:CD:2B:D3:57,Apple Inc.,None
 74:C3:CA:EF:01:28,Apple Inc.,None
 45:69:58:AC:42:22,Apple Inc.,None
 60:81:42:6C:05:ED,Apple Inc.,None
 D0:02:9C:18:38:68,Apple Inc.,None
 6A:E3:09:4A:A3:E7,Apple Inc.,None
 44:C6:5D:71:70:CB,Apple Inc.,None
 5C:B1:90:AC:69:8B,Apple Inc.,None
 F5:E7:B4:72:A9:83,Apple Inc.,None
 F0:61:FD:39:0A:37,Apple Inc.,None
 F4:CC:DF:D2:C2:A5,Apple Inc.,None
 64:F0:FB:60:C1:D9,Apple Inc.,None
 44:C6:5D:6F:6C:DE,Apple Inc.,None
 65:98:72:9E:78:8B,Apple Inc.,None
 4D:EA:39:EC:71:7B,Apple Inc.,None
 07:CE:8A:BB:C7:3C,Apple Inc.,None
 72:0D:66:75:DA:3E,Apple Inc.,None
 53:31:05:79:1C:8F,Apple Inc.,None
 6C:7F:5B:85:77:88,Apple Inc.,None
 5C:6D:8F:D8:F7:FD,Apple Inc.,None
 7B:4C:88:E0:39:1C,Apple Inc.,None
 41:4C:68:63:17:5F,Apple Inc.,None
 C6:6C:82:52:ED:5D,Apple Inc.,None
 72:AB:08:E1:2A:A3,Apple Inc.,None
 C6:ED:4D:29:9E:1B,Apple Inc.,None
 D7:A3:94:DD:0D:EE,Apple Inc.,None
 22:37:35:BC:81:06,Apple Inc.,None
 42:EC:27:9E:FE:D7,Apple Inc.,None
 5F:6D:61:0B:56:66,Apple Inc.,None
 0A:20:73:A0:2D:4A,Apple Inc.,None
 E4:10:DC:E9:CB:94,Apple Inc.,None
 D4:1F:63:CC:29:9A,Apple Inc.,None
 47:9F:DD:9D:68:55,Apple Inc.,None
 71:99:A0:BB:B1:43,Apple Inc.,None
 45:80:5C:46:D7:4C,Apple Inc.,None
 75:E3:1C:C9:3D:77,Apple Inc.,None
 7F:D1:2C:2B:90:5E,Apple Inc.,None
 4C:DD:DA:F8:32:EF,Apple Inc.,None
 52:40:90:CE:96:69,Apple Inc.,None
 62:E3:6E:B8:32:13,Apple Inc.,None
 6D:CF:1A:F6:FF:06,Apple Inc.,None
 49:AB:5F:9A:1F:23,Apple Inc.,None
 DD:06:D1:CA:95:FC,Apple Inc.,None
 5A:12:01:57:33:EA,Apple Inc.,None
 65:16:AE:67:57:F2,Apple Inc.,None
 54:DE:E1:55:48:B8,Apple Inc.,None
 D4:F8:CC:41:69:58,Apple Inc.,None
 62:34:3A:5C:DF:A5,Apple Inc.,None
 71:ED:CD:24:D3:F3,Apple Inc.,None
 DD:CF:43:A2:9F:83,Apple Inc.,None
 6C:F9:E9:5E:F3:79,Apple Inc.,None
 57:B6:22:70:07:D0,Apple Inc.,None
 5A:DB:E4:4F:8D:D9,Apple Inc.,None
 C1:28:AF:A9:F7:30,Apple Inc.,None
 2C:3A:50:AF:74:95,Apple Inc.,None
 1C:1A:C0:B0:76:63,Apple Inc.,None
 78:DC:C2:88:56:C6,Apple Inc.,None
 5C:ED:36:FE:E7:03,Apple Inc.,None
 44:C6:5D:66:D9:53,Apple Inc.,None
 B4:B8:59:37:DB:91,Apple Inc.,None
 63:6F:99:74:D2:DC,Apple Inc.,None
 75:26:C5:4D:3B:02,Apple Inc.,None
 26:EB:5F:CB:01:C3,Apple Inc.,None
 44:D2:DE:DE:6B:9B,Apple Inc.,None
 30:1A:2C:DD:63:A3,Apple Inc.,None
 CD:D9:A5:64:A3:76,Apple Inc.,None
 DA:3B:68:81:33:17,Apple Inc.,None
 DB:FA:2D:F8:70:CA,Apple Inc.,None
 E0:31:E6:C1:32:20,Apple Inc.,None
 FA:63:F6:69:58:46,Apple Inc.,None
 CD:E6:8A:A6:53:0A,Apple Inc.,None
 15:85:0C:E3:DE:5B,Apple Inc.,None
 65:B2:AF:7C:B4:53,Apple Inc.,None
 5B:DB:16:38:E3:A3,Apple Inc.,None
 6A:B5:63:95:A7:F4,Apple Inc.,None
 00:02:5B:00:29:32,Apple Inc.,None
 0B:16:23:12:D0:C7,Apple Inc.,None
 E9:F2:7A:48:BD:95,Apple Inc.,None
 C4:D3:46:D4:0B:CA,Apple Inc.,None
 1A:5E:BD:6E:DD:3D,Apple Inc.,None
 49:BA:D7:50:FF:67,Apple Inc.,None
 28:9C:72:41:B5:41,Apple Inc.,None
 56:16:D2:33:9B:30,Apple Inc.,None
 75:54:73:E7:E8:FC,Apple Inc.,None
 E3:15:BD:3A:FA:49,Apple Inc.,None
 4C:FD:7F:B7:E2:EF,Apple Inc.,None
 6A:36:A2:04:70:EF,Apple Inc.,None
 5B:58:50:3F:1C:5A,Apple Inc.,None
 DF:EA:10:80:45:B1,Apple Inc.,None
 E6:29:94:45:74:D7,Apple Inc.,None
 58:36:F1:F5:13:77,Apple Inc.,None
 38:F7:0C:4B:60:4D,Apple Inc.,None
 6D:6C:AE:B9:A0:56,Apple Inc.,None
 10:1E:D8:5D:14:03,Apple Inc.,None
 72:14:9B:FF:46:E1,Apple Inc.,None
 73:3F:11:44:12:0E,Apple Inc.,None
 45:48:76:0C:FA:5F,Apple Inc.,None
 7D:CB:E5:E6:DA:38,Apple Inc.,None
 7B:50:3E:21:7C:02,Apple Inc.,None
 FE:D6:4A:B2:93:02,Apple Inc.,None
 E5:73:E8:32:B0:31,Apple Inc.,None
 7F:47:26:21:16:07,Apple Inc.,None
 39:D8:DD:17:EA:11,Apple Inc.,None
 69:89:CF:8C:70:E7,Apple Inc.,None
 E6:CD:DE:BE:DD:47,Apple Inc.,None
 57:0D:03:30:5F:3C,Apple Inc.,None
 64:72:32:9E:8C:22,Apple Inc.,None
 E6:0F:BF:21:C9:B1,Apple Inc.,None
 06:AC:CE:A6:2A:F5,Apple Inc.,None
 7B:74:2A:FB:FA:60,Apple Inc.,None
 57:C9:7B:35:5A:31,Apple Inc.,None
 33:C9:00:F7:4B:0D,Apple Inc.,None
 F5:BB:8C:06:DA:43,Apple Inc.,None
 57:ED:6A:D4:C8:EA,Apple Inc.,None
 5C:60:AE:20:BB:52,Apple Inc.,None
 E3:FE:CB:F9:19:A1,Apple Inc.,None
 CF:BB:6A:50:37:66,Apple Inc.,None
 D1:76:35:10:1D:1D,Apple Inc.,None
 5D:10:5E:C2:2E:61,Apple Inc.,None
 C7:D8:4F:46:43:B5,Apple Inc.,None
 4D:91:B1:13:F1:AC,Apple Inc.,None
 DF:E4:AF:83:5B:45,Apple Inc.,None
 65:83:68:B8:9F:03,Apple Inc.,None
 1C:1E:B4:CC:2B:0A,Apple Inc.,None
 F9:AB:63:16:03:22,Apple Inc.,None
 55:21:C7:8B:33:49,Apple Inc.,None
 E7:19:47:33:88:6E,Apple Inc.,None
 4D:E2:4A:2C:D2:9E,Apple Inc.,None
 72:9D:2C:BF:1D:D5,Apple Inc.,None
 E3:3B:22:C6:55:A7,Apple Inc.,None
 7A:98:91:B0:85:8F,Apple Inc.,None
 52:FA:16:08:31:BF,Apple Inc.,None
 59:97:EC:47:CA:AA,Apple Inc.,None
 6D:4E:0F:8F:C7:B1,Apple Inc.,None
 7C:05:11:D3:7F:6C,Apple Inc.,None
 6C:4A:85:43:60:60,Apple Inc.,None
 78:19:1D:22:FF:6C,Apple Inc.,None
 3A:BC:0B:17:A1:1C,Apple Inc.,None
 4C:DF:C0:17:7B:6A,Apple Inc.,None
 42:CE:0A:05:7F:33,Apple Inc.,None
 5B:80:1D:CE:4D:17,Apple Inc.,None
 C5:C2:59:43:10:2B,Apple Inc.,None
 64:D0:87:91:1D:DE,Apple Inc.,None
 EF:E1:1A:D9:57:F5,Apple Inc.,None
 EA:87:7B:8B:A6:1C,Apple Inc.,None
 20:5E:01:19:68:96,Apple Inc.,None
 12:83:E9:F8:C7:CA,Apple Inc.,None
 F8:ED:9C:1C:85:FE,Apple Inc.,None
 D9:D6:7A:26:B7:88,Apple Inc.,None
 41:E6:5F:94:8C:81,Apple Inc.,Volkswagen AG
 E8:23:1E:88:4A:51,Apple Inc.,None
 1B:08:60:FA:67:24,Apple Inc.,None
 52:47:05:E1:45:03,Apple Inc.,None
 C5:F4:BB:92:AB:F3,Apple Inc.,None
 56:6D:A5:FE:32:B5,Apple Inc.,None
 23:47:0F:BF:3C:6D,Apple Inc.,None
 7E:7F:2B:DF:23:92,None,None
 3D:8B:E8:BC:E8:D4,None,Apple, Inc.
 20:F3:3C:72:8F:72,None,Apple, Inc.
 1B:43:24:FB:00:40,None,Apple, Inc.
 14:C6:2B:9B:D8:F3,None,Apple, Inc.
 47:F9:C1:EC:55:74,None,None
 09:6B:8D:EF:C8:F7,None,Apple, Inc.
 17:1F:59:E8:34:21,None,Apple, Inc.
 35:6F:92:08:7F:DD,None,Apple, Inc.
 49:6B:21:ED:23:39,None,Bose Corporation
 48:32:9C:81:00:54,None,None
 61:7F:8B:98:A1:C7,None,Google LLC
 D4:58:31:DC:D8:B3,None,Heart Rate
 5E:06:7A:9B:D8:19,None,None
 17:3A:9D:45:A9:10,None,Apple, Inc.
 00:0A:9B:93:EE:09,None,None
 63:79:80:E4:48:30,None,Amazon.com Services, Inc.
 3C:9E:BF:92:D5:0C,None,Apple, Inc.
 18:93:7F:97:D5:AA,None,Amazon.com Services, Inc.
 40:70:36:03:1B:13,None,Google LLC
 34:55:5C:FD:4E:DA,None,Apple, Inc.
 2A:B6:48:BA:05:D1,None,Apple, Inc.
 7D:E8:75:4B:93:B0,None,Apple, Inc.
 0C:E2:D2:33:6D:B5,None,Apple, Inc.
 49:EE:DC:63:A0:36,None,Google LLC
 3E:09:FC:EC:0F:96,None,Apple, Inc.
 30:4C:5C:0E:D3:C0,None,Apple, Inc.
 2A:8C:93:A0:08:21,None,Apple, Inc.
 00:25:DF:3F:06:2B,None,None
 1A:CC:00:02:0C:24,None,None
 1A:CC:00:02:0C:24,None,None
 1A:CC:00:02:0C:24,None,None
 1A:CC:00:02:0C:24,None,None
 1A:CC:00:02:0C:24,None,None
 1A:CC:00:02:0C:24,None,None
 F9:B3:28:74:A1:38,None,None
 80:7A:BF:EB:14:06,None,None
 53:79:25:42:36:FA,None,None
 B4:20:46:FD:0D:E2,None,None
 20:D9:3D:D2:BE:AA,None,Apple, Inc.
 10:AC:AD:83:25:DD,None,Apple, Inc.
 04:76:E6:FC:9E:B5,None,None
 04:76:E6:FC:9E:B5,None,Google LLC
 5C:34:2A:31:DE:02,None,None
 00:25:DF:3D:41:01,None,None
 2D:07:49:AF:B3:2A,None,Apple, Inc.
 4D:E4:81:3A:8F:B0,None,None
 A4:B6:1E:B2:6E:8E,None,None
 14:C3:68:0B:CC:4D,None,None
 14:C3:68:0B:CC:4D,None,Google LLC
 21:46:AA:BD:E6:BE,None,Apple, Inc.
 38:5A:7D:AD:C7:C3,None,Apple, Inc.
 C5:14:67:64:A1:9A,None,None
 C5:14:67:64:A1:9A,None,Amazon.com Services, Inc.
 E0:5F:8C:E5:8B:9A,None,None
 21:9B:02:6A:09:15,None,Apple, Inc.
 00:A0:50:27:96:05,None,None
 4B:76:53:95:64:89,None,Apple, Inc.
 30:BA:F3:C7:29:F7,None,Apple, Inc.
 2F:6E:41:18:94:0F,None,Apple, Inc.
 28:ED:E0:D1:CE:80,None,Amazon.com Services, Inc.
 3F:FC:EF:1B:48:7A,None,Apple, Inc.
 12:22:D7:E4:B7:76,None,Apple, Inc.
 59:C9:4E:B4:0D:A0,None,Apple, Inc.
 36:49:34:A0:07:C6,None,Apple, Inc.
 30:26:07:E7:1C:E2,None,None
 30:26:07:E7:1C:E2,None,Google LLC
 30:26:07:E7:1C:E2,None,Tx Power
 1E:B0:86:2F:6E:1B,None,Apple, Inc.
 2D:85:75:09:4D:68,None,Apple, Inc.
 00:0E:C5:64:31:31,None,None
 00:0E:C5:64:31:31,None,Google LLC
 3C:2B:2F:2D:85:29,None,Apple, Inc.
 51:77:96:0C:B8:9F,None,None
 B4:B8:59:10:EF:CA,None,None
 27:EB:C2:24:74:98,None,Apple, Inc.
 EE:3A:70:AC:34:03,None,None
 B4:B8:59:40:48:10,None,None
 23:24:B6:D1:A5:5E,None,Apple, Inc.
 0A:92:3E:36:0B:7B,None,Apple, Inc.
 20:A2:F5:AD:85:BD,None,Apple, Inc.
 05:67:96:21:C2:FC,None,Apple, Inc.
 56:E3:35:C6:35:C8,None,None
 0C:4D:31:3B:24:30,None,Apple, Inc.
 1C:A7:67:5E:E3:35,None,Apple, Inc.
 79:AB:97:0B:FC:B0,None,None
 BE:96:B0:00:00:EA,None,None
 10:58:16:73:B4:50,None,Apple, Inc.
 A4:C1:38:43:44:21,None,None
 B4:B8:59:16:AD:0D,None,None
 16:D2:0B:86:31:6E,None,Apple, Inc.
 28:81:19:AC:C4:4F,None,Apple, Inc.
 BE:FF:30:03:48:1B,None,None
 B4:B8:59:3A:6A:B0,None,None
 79:1B:43:C4:6D:58,None,None
 2C:B8:26:8D:A0:98,None,Apple, Inc.
 3A:A1:17:05:A0:66,None,Apple, Inc.
 20:3E:67:D1:50:5E,None,Apple, Inc.
 14:6E:9E:A2:F1:4C,None,Apple, Inc.
 7C:47:30:9F:C4:4B,None,Qualcomm Technologies International, Ltd. (QTIL)
 F5:F8:12:9E:E9:96,None,None
 23:99:FA:34:E2:62,None,Apple, Inc.
 1F:6C:1A:32:D6:CF,None,Apple, Inc.
 09:79:FC:5C:9F:C3,None,Apple, Inc.
 14:F1:61:72:70:3E,None,None
 14:F1:61:72:70:3E,None,Google LLC
 C8:FD:19:5A:D7:45,None,None
 B4:B8:59:13:11:B7,None,None
 67:A5:DB:F2:B2:F5,None,Samsung Electronics Co., Ltd.
 3C:FD:76:77:C1:69,None,None
 3C:FD:76:77:C1:69,None,Google LLC
 73:8B:43:D9:BF:D2,None,Google LLC
 3F:D7:C7:36:1C:AB,None,Apple, Inc.
 33:89:1C:3F:9F:FC,None,Apple, Inc.
 54:0E:0D:18:24:95,None,None
 29:50:5B:19:4A:8F,None,Apple, Inc.
 3C:03:FB:58:D1:F5,None,Apple, Inc.
 20:BE:E2:A2:26:3E,None,Apple, Inc.
 33:BA:35:AE:39:97,None,Apple, Inc.
 18:6C:75:CB:68:DD,None,Apple, Inc.
 73:0F:33:62:B9:72,None,Apple, Inc.
 00:68:82:1D:C6:52,None,Battery
 D4:36:39:D6:F4:7E,None,None
 15:14:C6:8A:CE:CA,None,Apple, Inc.
 08:7C:73:2D:AB:71,None,Apple, Inc.
 16:E6:47:48:0F:D7,None,Apple, Inc.
 F8:8A:5E:51:68:8D,None,None
 17:26:A6:88:5D:19,None,Apple, Inc.
 2B:C6:02:CB:74:4E,None,Apple, Inc.
 C6:DD:10:65:C3:66,None,None
 C6:DD:10:65:C3:66,None,Amazon.com Services, Inc.
 01:19:C4:B1:84:FC,None,Apple, Inc.
 BA:A1:AB:CB:F5:94,None,Tencent Holdings Limited.
 BA:A1:AB:CB:F5:94,None,None
 BE:96:8C:00:05:02,None,None
 31:43:24:C0:4E:6F,None,Apple, Inc.
 3E:05:C4:4E:D1:43,None,Apple, Inc.
 29:1D:D3:09:B8:A4,None,Apple, Inc.
 18:B9:05:C7:DD:54,None,None
 4D:AC:9A:95:42:D7,None,Apple, Inc.
 07:25:B9:05:6B:29,None,Apple, Inc.
 29:4C:12:D3:61:44,None,Apple, Inc.
 2C:56:36:D3:96:D8,None,Apple, Inc.
 7C:A6:B0:9D:3E:FD,None,None
 00:A0:50:B4:C6:64,None,None
 34:37:B0:DA:0D:A3,None,None
 34:37:B0:DA:0D:A3,None,Google LLC
 D3:8C:62:A0:CF:F2,None,Google LLC
 66:4C:5A:C5:E9:23,None,Apple, Inc.
 25:7C:6D:EB:03:70,None,Apple, Inc.
 62:22:BD:BA:02:EE,None,Samsung Electronics Co., Ltd
 E8:CA:C8:51:F6:3C,None,None
 76:82:86:AF:0A:47,None,Apple, Inc.
 77:54:E2:0D:2D:69,None,Apple, Inc.
 6A:A8:57:DE:C5:E7,None,Apple, Inc.
 0000fe61-0000-1000-8000-00805f9b34fb,None,None
 30:63:71:ED:D7:3B,None,None
 39:C8:52:1E:05:0F,None,Apple, Inc.
 13:36:7E:FA:4A:D8,None,Apple, Inc.
 11:75:58:9A:97:BB,None,None
 0E:4B:AE:A1:74:71,None,Apple, Inc.
 B4:B8:59:37:DB:91,None,None
 E4:0A:CB:0F:A3:2C,None,Human Interface Device
 05:8A:8A:70:59:D0,None,Apple, Inc.
 1B:88:BC:4D:32:D8,None,Apple, Inc.
 4E:EA:E3:EC:95:F4,None,Google LLC
 58:FD:48:63:24:D0,None,None
 3D:1B:36:79:73:A5,None,Apple, Inc.
 0A:A1:9B:24:D9:1C,None,Apple, Inc.
 28:6C:4F:BC:CD:55,None,Apple, Inc.
 14:1C:8D:ED:88:B8,None,Apple, Inc.
 1F:EE:0D:33:70:58,None,Apple, Inc.
 16:2D:22:68:DA:9A,None,Apple, Inc.
 1D:96:76:6A:F7:76,None,Apple, Inc.
 2D:32:71:10:4D:E4,None,Apple, Inc.
 58:FF:90:A0:78:63,Microsoft,None
 12:BA:B6:43:29:E0,Microsoft,None
 33:7E:C9:79:E1:BE,Microsoft,None
 5B:2A:E1:C9:A4:D0,Microsoft,None
 5B:FF:99:85:B6:7C,Microsoft,None
 1D:FD:87:86:9A:2E,Microsoft,None
 5B:A6:C1:06:29:FF,Microsoft,None
 19:24:1D:8D:8C:EE,Microsoft,None
 0C:91:9F:4F:00:65,Microsoft,None
 07:98:F5:8C:0F:5F,Microsoft,None
 0D:31:32:5C:C4:55,Microsoft,None
 31:4F:50:74:38:40,Microsoft,None
 68:0E:D9:00:C4:3D,Microsoft,None
 42:E0:6B:A7:AA:F3,Microsoft,None
 6E:1F:B7:D5:47:32,Microsoft,None
 43:34:0E:8B:8D:B2,Microsoft,None
 44:43:52:F2:85:37,Microsoft,None
 28:4E:C7:7D:C3:C1,Microsoft,None
 77:84:E9:96:76:9B,Microsoft,None
 0A:55:18:78:BE:5A,Microsoft,None
 20:48:B8:18:26:FB,Microsoft,None
 55:0F:7A:B5:27:91,Microsoft,None
 25:0D:62:F7:05:3C,Microsoft,None
 0A:E9:FE:01:97:8B,Microsoft,None
 5A:94:11:07:FD:84,Microsoft,None
 09:AB:49:BB:DF:EB,Microsoft,None
 5A:E0:CF:06:9D:5A,Microsoft,None
 0E:5A:81:BA:8A:1D,Microsoft,None
 32:EE:74:DC:D7:68,Microsoft,None
 7B:EE:A4:6D:5D:08,Microsoft,None
 5F:24:4F:06:3C:BF,Microsoft,None
 0C:5E:5C:30:A0:D4,Microsoft,None
 39:CA:93:59:9C:3E,Microsoft,None
 2E:A7:BD:5F:8A:9A,Microsoft,None
 1A:E5:7D:42:0F:0B,Microsoft,None
 7F:42:ED:71:56:FA,Microsoft,None
 1E:98:EF:E4:B3:00,Microsoft,None
 31:02:61:AD:7C:53,Microsoft,None
 0D:49:52:18:B7:CA,Microsoft,None
 6A:B4:71:5B:33:93,Microsoft,None
 10:CC:D4:44:9E:01,Microsoft,None
 44:5E:CD:1E:84:E7,Razer Inc.,Razer Inc.
 A4:05:6E:14:C2:57,Razer Inc.,Razer Inc.
 A4:05:6E:15:C2:57,Razer Inc.,Razer Inc.
 7C:96:D2:CB:7B:2F,Razer Inc.,Razer Inc.
 40:A8:C9:8F:84:85,Samsung Electronics Co. Ltd.,None
 D0:03:DF:E0:44:E9,Samsung Electronics Co. Ltd.,None
 38:68:A4:6B:EB:FA,Samsung Electronics Co. Ltd.,None
 D4:9D:C0:BD:B4:45,Samsung Electronics Co. Ltd.,None
 24:4B:03:85:B6:92,Samsung Electronics Co. Ltd.,None
 7C:64:56:3E:C4:0F,Samsung Electronics Co. Ltd.,None
 7C:0A:3F:48:71:A7,Samsung Electronics Co. Ltd.,None
 8C:79:F5:8F:2E:59,Samsung Electronics Co. Ltd.,None
 70:70:BE:E4:81:0F,Samsung Electronics Co. Ltd.,None
 28:39:5E:DF:64:20,Samsung Electronics Co. Ltd.,None
 4D:21:0A:C1:F9:35,Samsung Electronics Co. Ltd.,None
 7C:64:56:A5:F2:19,Samsung Electronics Co. Ltd.,None
 63:3E:9C:CD:76:6B,Samsung Electronics Co. Ltd.,None
 5A:BF:60:AA:ED:3D,Samsung Electronics Co. Ltd.,None
 F8:04:2E:82:E4:CF,Samsung Electronics Co. Ltd.,None
 FC:8F:90:F5:CC:4A,Samsung Electronics Co. Ltd.,None
 04:B9:E3:1F:3D:C9,Samsung Electronics Co. Ltd.,None
 6E:A4:F6:B3:48:16,Samsung Electronics Co. Ltd.,None
 2F:24:0D:06:8A:51,Hangzhou Tuya Information Technology Co. Ltd,None
 93:D4:78:51:A6:00,Hangzhou Tuya Information Technology Co. Ltd,None
 59:51:70:12:08:FA,Sony Corporation,None
 44:52:0C:7E:30:A8,Sony Corporation,Sony Corporation
 C5:14:67:64:A1:9A,Sony Corporation,None
 C5:14:67:64:A1:9A,Sony Corporation,Amazon.com Services, Inc.
 5A:75:A8:F4:D1:B2,Sony Corporation,Sony Corporation
 5A:75:A8:F4:D1:B2,Sony Corporation,Sony Corporation
 C6:DD:10:65:C3:66,Sony Corporation,None
 C6:DD:10:65:C3:66,Sony Corporation,Amazon.com Services, Inc.
 20:44:41:0D:65:9B,Remote Solution Co. LTD.,Battery
 1D:04:30:46:47:41,Ericsson AB,Heart Rate
 65:25:25:9B:74:4F,Google,Google LLC
 5E:98:9B:FF:F6:BE,Google,Google LLC
 49:4F:4C:EA:4E:CB,Google,Google LLC
 5F:5F:5F:48:23:2C,Google,Google LLC
 5A:5A:5A:26:11:41,Google,Google LLC
 14:CB:19:FF:CB:1A,HP Inc.,Hewlett-Packard Company
 E2:70:EA:65:1F:E9,HP Inc.,Hewlett-Packard Company
 7D:E0:37:A7:04:10,LG Electronics,LG Electronics
 18:58:80:3B:D6:D7,LG Electronics,LG Electronics
 77:2E:37:AA:89:FA,Bose Corporation,Bose Corporation
 30:26:07:E7:1C:E2,StickNFind,None
 30:26:07:E7:1C:E2,StickNFind,Google LLC
 30:26:07:E7:1C:E2,StickNFind,Tx Power
 88:C6:26:B2:11:4D,IBM Corp.,Logitech International SA
 EC:81:93:77:4E:2A,IBM Corp.,None
 DB:19:1C:3B:8E:97,Garmin International Inc.,None
 E0:F1:0D:ED:AE:21,Valve Corporation,None
 C9:D4:E5:84:63:A4,Valve Corporation,None
